id,order_id,name,created_at,updated_at,wikitext,image_name
3,1,ABROCOMIDAE,2014-09-09 21:47:38.201601,2014-09-09 21:47:38.201601,,
4,2,PTEROPODIDAE,2014-09-09 21:47:46.728436,2014-09-09 21:47:46.728436,,
5,3,FELIDAE,2014-09-09 21:47:49.948475,2014-09-09 21:47:49.948475,,
6,3,OCTODONTIDAE,2014-09-09 21:47:59.652929,2014-09-09 21:47:59.652929,,
7,4,ACROBATIDAE,2014-09-09 21:48:01.041173,2014-09-09 21:48:01.041173,,
8,5,BOVIDAE,2014-09-09 21:48:01.469615,2014-09-09 21:48:01.469615,,
9,5,POTOROIDAE,2014-09-09 21:48:04.656274,2014-09-09 21:48:04.656274,,
10,5,SCIURIDAE,2014-09-09 21:48:05.384717,2014-09-09 21:48:05.384717,,
11,5,URSIDAE,2014-09-09 21:48:15.737269,2014-09-09 21:48:15.737269,,
12,5,PHALANGERIDAE,2014-09-09 21:48:16.26206,2014-09-09 21:48:16.26206,,
13,5,AILURIDAE,2014-09-09 21:48:17.222821,2014-09-09 21:48:17.222821,,
14,5,CERVIDAE,2014-09-09 21:48:39.10391,2014-09-09 21:48:39.10391,,
15,5,DIPODIDAE,2014-09-09 21:48:40.651194,2014-09-09 21:48:40.651194,,
16,6,CERCOPITHECIDAE,2014-09-09 21:48:47.893629,2014-09-09 21:48:47.893629,,
17,6,CHEIROGALEIDAE,2014-09-09 21:48:48.3314,2014-09-09 21:48:48.3314,,
18,6,ATELIDAE,2014-09-09 21:48:49.776575,2014-09-09 21:48:49.776575,,
19,7,CHRYSOCHLORIDAE,2014-09-09 21:49:05.863639,2014-09-09 21:49:05.863639,,
20,7,PHYLLOSTOMIDAE,2014-09-09 21:49:08.448052,2014-09-09 21:49:08.448052,,
21,7,FURIPTERIDAE,2014-09-09 21:49:12.611159,2014-09-09 21:49:12.611159,,
22,8,TUPAIIDAE,2014-09-09 21:49:13.461739,2014-09-09 21:49:13.461739,,
23,8,ANOMALURIDAE,2014-09-09 21:49:15.966468,2014-09-09 21:49:15.966468,,
24,9,SORICIDAE,2014-09-09 21:49:22.298564,2014-09-09 21:49:22.298564,,
25,10,DASYURIDAE,2014-09-09 21:49:24.362954,2014-09-09 21:49:24.362954,,
26,10,HIPPOSIDERIDAE,2014-09-09 21:49:29.611205,2014-09-09 21:49:29.611205,,
27,10,ANTILOCAPRIDAE,2014-09-09 21:49:30.827222,2014-09-09 21:49:30.827222,,
28,10,VESPERTILIONIDAE,2014-09-09 21:49:32.07288,2014-09-09 21:49:32.07288,,
29,10,MUSTELIDAE,2014-09-09 21:49:32.571502,2014-09-09 21:49:32.571502,,
30,10,AOTIDAE,2014-09-09 21:49:34.185475,2014-09-09 21:49:34.185475,,
31,10,APLODONTIIDAE,2014-09-09 21:49:42.225691,2014-09-09 21:49:42.225691,,
32,10,VIVERRIDAE,2014-09-09 21:50:02.048053,2014-09-09 21:50:02.048053,,
33,10,LORISIDAE,2014-09-09 21:50:02.866046,2014-09-09 21:50:02.866046,,
34,10,OTARIIDAE,2014-09-09 21:50:04.002029,2014-09-09 21:50:04.002029,,
35,10,ERINACEIDAE,2014-09-09 21:50:35.781375,2014-09-09 21:50:35.781375,,
36,10,CANIDAE,2014-09-09 21:50:43.293938,2014-09-09 21:50:43.293938,,
37,10,HYSTRICIDAE,2014-09-09 21:50:43.849424,2014-09-09 21:50:43.849424,,
38,10,HERPESTIDAE,2014-09-09 21:50:44.951891,2014-09-09 21:50:44.951891,,
39,10,INDRIIDAE,2014-09-09 21:50:47.514071,2014-09-09 21:50:47.514071,,
40,10,SUIDAE,2014-09-09 21:50:54.897804,2014-09-09 21:50:54.897804,,
41,10,BALAENIDAE,2014-09-09 21:50:58.569846,2014-09-09 21:50:58.569846,,
42,10,BALAENOPTERIDAE,2014-09-09 21:50:59.178203,2014-09-09 21:50:59.178203,,
43,10,EMBALLONURIDAE,2014-09-09 21:51:04.692911,2014-09-09 21:51:04.692911,,
44,10,PROCYONIDAE,2014-09-09 21:51:09.631729,2014-09-09 21:51:09.631729,,
45,10,BATHYERGIDAE,2014-09-09 21:51:13.249129,2014-09-09 21:51:13.249129,,
46,10,NESOMYIDAE,2014-09-09 21:51:19.007891,2014-09-09 21:51:19.007891,,
47,10,ZIPHIIDAE,2014-09-09 21:51:21.71659,2014-09-09 21:51:21.71659,,
48,10,ECHIMYIDAE,2014-09-09 21:51:36.462851,2014-09-09 21:51:36.462851,,
49,11,LEPORIDAE,2014-09-09 21:51:41.400535,2014-09-09 21:51:41.400535,,
50,12,BRADYPODIDAE,2014-09-09 21:51:46.373795,2014-09-09 21:51:46.373795,,
51,12,BURRAMYIDAE,2014-09-09 21:52:01.653863,2014-09-09 21:52:01.653863,,
52,13,DASYPODIDAE,2014-09-09 21:52:02.266914,2014-09-09 21:52:02.266914,,
53,13,PITHECIIDAE,2014-09-09 21:52:04.319479,2014-09-09 21:52:04.319479,,
54,14,CAENOLESTIDAE,2014-09-09 21:52:06.571835,2014-09-09 21:52:06.571835,,
55,14,CALLITRICHIDAE,2014-09-09 21:52:10.977767,2014-09-09 21:52:10.977767,,
56,14,CALOMYSCIDAE,2014-09-09 21:52:48.856335,2014-09-09 21:52:48.856335,,
57,15,DIDELPHIDAE,2014-09-09 21:52:53.366747,2014-09-09 21:52:53.366747,,
58,15,CAMELIDAE,2014-09-09 21:52:56.142098,2014-09-09 21:52:56.142098,,
59,15,SPALACIDAE,2014-09-09 21:53:00.697881,2014-09-09 21:53:00.697881,,
60,15,NEOBALAENIDAE,2014-09-09 21:53:02.786208,2014-09-09 21:53:02.786208,,
61,15,CAPROMYIDAE,2014-09-09 21:53:14.056966,2014-09-09 21:53:14.056966,,
62,15,MEGADERMATIDAE,2014-09-09 21:53:16.175452,2014-09-09 21:53:16.175452,,
63,15,CASTORIDAE,2014-09-09 21:53:24.495644,2014-09-09 21:53:24.495644,,
64,15,TAYASSUIDAE,2014-09-09 21:53:25.577005,2014-09-09 21:53:25.577005,,
65,15,CAVIIDAE,2014-09-09 21:53:27.147347,2014-09-09 21:53:27.147347,,
66,15,CEBIDAE,2014-09-09 21:53:30.129171,2014-09-09 21:53:30.129171,,
67,15,DELPHINIDAE,2014-09-09 21:53:47.430795,2014-09-09 21:53:47.430795,,
68,16,RHINOCEROTIDAE,2014-09-09 21:53:49.640068,2014-09-09 21:53:49.640068,,
69,17,CHAEROPODIDAE,2014-09-09 21:54:13.267788,2014-09-09 21:54:13.267788,,
70,17,GLIRIDAE,2014-09-09 21:54:13.957051,2014-09-09 21:54:13.957051,,
71,17,HETEROMYIDAE,2014-09-09 21:54:14.449702,2014-09-09 21:54:14.449702,,
72,17,ERETHIZONTIDAE,2014-09-09 21:54:24.192973,2014-09-09 21:54:24.192973,,
73,17,MOLOSSIDAE,2014-09-09 21:54:33.716854,2014-09-09 21:54:33.716854,,
74,17,NATALIDAE,2014-09-09 21:54:38.836215,2014-09-09 21:54:38.836215,,
75,17,CHINCHILLIDAE,2014-09-09 21:54:43.096325,2014-09-09 21:54:43.096325,,
76,17,HIPPOPOTAMIDAE,2014-09-09 21:55:11.487866,2014-09-09 21:55:11.487866,,
77,17,MEGALONYCHIDAE,2014-09-09 21:55:12.202743,2014-09-09 21:55:12.202743,,
78,17,TALPIDAE,2014-09-09 21:55:33.825842,2014-09-09 21:55:33.825842,,
79,17,MEPHITIDAE,2014-09-09 21:55:34.283012,2014-09-09 21:55:34.283012,,
80,17,CRASEONYCTERIDAE,2014-09-09 21:55:43.556683,2014-09-09 21:55:43.556683,,
81,17,GEOMYIDAE,2014-09-09 21:55:46.026211,2014-09-09 21:55:46.026211,,
82,17,HYAENIDAE,2014-09-09 21:57:32.436149,2014-09-09 21:57:32.436149,,
83,17,EUPLERIDAE,2014-09-09 21:57:42.807941,2014-09-09 21:57:42.807941,,
84,17,CTENODACTYLIDAE,2014-09-09 21:58:05.71694,2014-09-09 21:58:05.71694,,
85,17,CTENOMYIDAE,2014-09-09 21:58:06.6944,2014-09-09 21:58:06.6944,,
86,17,CUNICULIDAE,2014-09-09 21:58:40.85315,2014-09-09 21:58:40.85315,,
87,17,CYCLOPEDIDAE,2014-09-09 21:58:43.526488,2014-09-09 21:58:43.526488,,
88,18,CYNOCEPHALIDAE,2014-09-09 21:58:44.835696,2014-09-09 21:58:44.835696,,
89,18,PHOCIDAE,2014-09-09 21:58:54.944999,2014-09-09 21:58:54.944999,,
90,18,PETAURIDAE,2014-09-09 21:58:58.320561,2014-09-09 21:58:58.320561,,
91,18,DASYPROCTIDAE,2014-09-09 21:59:08.358262,2014-09-09 21:59:08.358262,,
92,18,DAUBENTONIIDAE,2014-09-09 21:59:21.672785,2014-09-09 21:59:21.672785,,
93,18,MONODONTIDAE,2014-09-09 21:59:24.171001,2014-09-09 21:59:24.171001,,
94,19,PROCAVIIDAE,2014-09-09 21:59:27.751319,2014-09-09 21:59:27.751319,,
95,19,MACROPODIDAE,2014-09-09 21:59:31.012036,2014-09-09 21:59:31.012036,,
96,19,DINOMYIDAE,2014-09-09 22:00:04.216206,2014-09-09 22:00:04.216206,,
97,20,MICROBIOTHERIIDAE,2014-09-09 22:00:41.640439,2014-09-09 22:00:41.640439,,
98,21,DUGONGIDAE,2014-09-09 22:00:44.4128,2014-09-09 22:00:44.4128,,
99,21,TENRECIDAE,2014-09-09 22:00:49.274079,2014-09-09 22:00:49.274079,,
100,21,PERAMELIDAE,2014-09-09 22:00:51.328104,2014-09-09 22:00:51.328104,,
101,22,MACROSCELIDIDAE,2014-09-09 22:00:57.195384,2014-09-09 22:00:57.195384,,
102,23,ELEPHANTIDAE,2014-09-09 22:01:04.792533,2014-09-09 22:01:04.792533,,
103,23,EQUIDAE,2014-09-09 22:02:00.425106,2014-09-09 22:02:00.425106,,
104,23,ESCHRICHTIIDAE,2014-09-09 22:02:13.897181,2014-09-09 22:02:13.897181,,
105,23,LEMURIDAE,2014-09-09 22:02:22.601231,2014-09-09 22:02:22.601231,,
106,23,GALAGIDAE,2014-09-09 22:02:38.917893,2014-09-09 22:02:38.917893,,
107,23,GIRAFFIDAE,2014-09-09 22:04:26.397423,2014-09-09 22:04:26.397423,,
108,23,HOMINIDAE,2014-09-09 22:04:44.461547,2014-09-09 22:04:44.461547,,
109,23,PSEUDOCHEIRIDAE,2014-09-09 22:05:32.673318,2014-09-09 22:05:32.673318,,
110,23,HYLOBATIDAE,2014-09-09 22:06:46.858445,2014-09-09 22:06:46.858445,,
111,23,TRAGULIDAE,2014-09-09 22:06:59.440079,2014-09-09 22:06:59.440079,,
112,23,HYPSIPRYMNODONTIDAE,2014-09-09 22:07:27.920695,2014-09-09 22:07:27.920695,,
113,23,INIIDAE,2014-09-09 22:07:39.724866,2014-09-09 22:07:39.724866,,
114,23,PHYSETERIDAE,2014-09-09 22:08:11.460692,2014-09-09 22:08:11.460692,,
115,23,DIATOMYIDAE,2014-09-09 22:08:32.849333,2014-09-09 22:08:32.849333,,
116,23,VOMBATIDAE,2014-09-09 22:08:37.410728,2014-09-09 22:08:37.410728,,
117,23,LEPILEMURIDAE,2014-09-09 22:09:12.808007,2014-09-09 22:09:12.808007,,
118,23,THYLACOMYIDAE,2014-09-09 22:11:07.766087,2014-09-09 22:11:07.766087,,
119,24,MANIDAE,2014-09-09 22:11:23.89236,2014-09-09 22:11:23.89236,,
120,24,MORMOOPIDAE,2014-09-09 22:15:39.877339,2014-09-09 22:15:39.877339,,
121,24,MOSCHIDAE,2014-09-09 22:15:48.762118,2014-09-09 22:15:48.762118,,
122,24,MYOCASTORIDAE,2014-09-09 22:16:52.21609,2014-09-09 22:16:52.21609,,
123,24,MYRMECOBIIDAE,2014-09-09 22:18:23.998357,2014-09-09 22:18:23.998357,,
124,24,MYRMECOPHAGIDAE,2014-09-09 22:18:24.453124,2014-09-09 22:18:24.453124,,
125,24,MYSTACINIDAE,2014-09-09 22:18:27.776133,2014-09-09 22:18:27.776133,,
126,24,MYZOPODIDAE,2014-09-09 22:18:29.350538,2014-09-09 22:18:29.350538,,
127,24,NANDINIIDAE,2014-09-09 22:18:32.894911,2014-09-09 22:18:32.894911,,
128,24,PHOCOENIDAE,2014-09-09 22:19:07.638806,2014-09-09 22:19:07.638806,,
129,24,NESOPHONTIDAE,2014-09-09 22:19:34.145634,2014-09-09 22:19:34.145634,,
130,24,NOCTILIONIDAE,2014-09-09 22:19:57.949761,2014-09-09 22:19:57.949761,,
131,25,NOTORYCTIDAE,2014-09-09 22:20:13.908632,2014-09-09 22:20:13.908632,,
132,25,NYCTERIDAE,2014-09-09 22:20:21.14706,2014-09-09 22:20:21.14706,,
133,25,OCHOTONIDAE,2014-09-09 22:20:56.961793,2014-09-09 22:20:56.961793,,
134,25,ODOBENIDAE,2014-09-09 22:21:17.595815,2014-09-09 22:21:17.595815,,
135,26,ORNITHORHYNCHIDAE,2014-09-09 22:21:50.956292,2014-09-09 22:21:50.956292,,
136,27,ORYCTEROPODIDAE,2014-09-09 22:21:58.381537,2014-09-09 22:21:58.381537,,
137,27,PALAEOPROPITHECIDAE,2014-09-09 22:22:41.562775,2014-09-09 22:22:41.562775,,
138,27,PEDETIDAE,2014-09-09 22:23:21.885956,2014-09-09 22:23:21.885956,,
139,27,PETROMURIDAE,2014-09-09 22:24:38.99058,2014-09-09 22:24:38.99058,,
140,27,PHASCOLARCTIDAE,2014-09-09 22:24:57.516925,2014-09-09 22:24:57.516925,,
141,27,PLATACANTHOMYIDAE,2014-09-09 22:26:26.751617,2014-09-09 22:26:26.751617,,
142,27,PLATANISTIDAE,2014-09-09 22:26:28.049234,2014-09-09 22:26:28.049234,,
143,27,PRIONODONTIDAE,2014-09-09 22:27:23.436136,2014-09-09 22:27:23.436136,,
144,27,PROLAGIDAE,2014-09-09 22:27:50.313452,2014-09-09 22:27:50.313452,,
145,27,PTILOCERCIDAE,2014-09-09 22:29:31.649504,2014-09-09 22:29:31.649504,,
146,27,RHINOLOPHIDAE,2014-09-09 22:30:47.015435,2014-09-09 22:30:47.015435,,
147,27,RHINOPOMATIDAE,2014-09-09 22:31:32.525032,2014-09-09 22:31:32.525032,,
148,27,SOLENODONTIDAE,2014-09-09 22:33:54.630924,2014-09-09 22:33:54.630924,,
149,27,TACHYGLOSSIDAE,2014-09-09 22:36:56.818858,2014-09-09 22:36:56.818858,,
150,27,TAPIRIDAE,2014-09-09 22:38:06.419568,2014-09-09 22:38:06.419568,,
151,27,TARSIPEDIDAE,2014-09-09 22:38:08.67639,2014-09-09 22:38:08.67639,,
152,27,TARSIIDAE,2014-09-09 22:38:09.137599,2014-09-09 22:38:09.137599,,
153,27,THRYONOMYIDAE,2014-09-09 22:39:01.026984,2014-09-09 22:39:01.026984,,
154,27,THYLACINIDAE,2014-09-09 22:39:02.125437,2014-09-09 22:39:02.125437,,
155,27,THYROPTERIDAE,2014-09-09 22:39:14.052429,2014-09-09 22:39:14.052429,,
156,27,TRICHECHIDAE,2014-09-09 22:39:44.882892,2014-09-09 22:39:44.882892,,
157,28,SCINCIDAE,2014-09-09 22:41:22.093533,2014-09-09 22:41:22.093533,,
158,28,ANGUIDAE,2014-09-09 22:41:25.796081,2014-09-09 22:41:25.796081,,
159,28,ELAPIDAE,2014-09-09 22:41:41.771067,2014-09-09 22:41:41.771067,,
160,28,AGAMIDAE,2014-09-09 22:41:42.387565,2014-09-09 22:41:42.387565,,
161,29,CHELIDAE,2014-09-09 22:41:45.355905,2014-09-09 22:41:45.355905,,
162,29,LACERTIDAE,2014-09-09 22:41:47.486898,2014-09-09 22:41:47.486898,,
163,29,XENODERMATIDAE,2014-09-09 22:42:04.338647,2014-09-09 22:42:04.338647,,
164,29,BOIDAE,2014-09-09 22:42:12.588264,2014-09-09 22:42:12.588264,,
165,29,ACROCHORDIDAE,2014-09-09 22:42:13.552853,2014-09-09 22:42:13.552853,,
166,29,EMYDIDAE,2014-09-09 22:42:15.314311,2014-09-09 22:42:15.314311,,
167,29,TYPHLOPIDAE,2014-09-09 22:42:15.800956,2014-09-09 22:42:15.800956,,
168,29,NATRICIDAE,2014-09-09 22:42:18.372787,2014-09-09 22:42:18.372787,,
169,29,DIPSADIDAE,2014-09-09 22:42:19.557374,2014-09-09 22:42:19.557374,,
170,29,COLUBRIDAE,2014-09-09 22:42:25.290616,2014-09-09 22:42:25.290616,,
171,29,GEKKONIDAE,2014-09-09 22:42:27.548487,2014-09-09 22:42:27.548487,,
172,29,TROGONOPHIDAE,2014-09-09 22:42:41.025925,2014-09-09 22:42:41.025925,,
173,29,VIPERIDAE,2014-09-09 22:42:42.301986,2014-09-09 22:42:42.301986,,
174,30,ALLIGATORIDAE,2014-09-09 22:42:55.900074,2014-09-09 22:42:55.900074,,
175,30,PSEUDOXYRHOPHIIDAE,2014-09-09 22:42:56.929401,2014-09-09 22:42:56.929401,,
176,30,GYMNOPHTHALMIDAE,2014-09-09 22:42:58.161719,2014-09-09 22:42:58.161719,,
177,30,ATRACTASPIDIDAE,2014-09-09 22:43:05.632972,2014-09-09 22:43:05.632972,,
178,30,IGUANIDAE,2014-09-09 22:43:08.407998,2014-09-09 22:43:08.407998,,
179,30,TEIIDAE,2014-09-09 22:43:08.918059,2014-09-09 22:43:08.918059,,
180,30,AMPHISBAENIDAE,2014-09-09 22:43:41.854391,2014-09-09 22:43:41.854391,,
181,30,TRIONYCHIDAE,2014-09-09 22:43:48.990494,2014-09-09 22:43:48.990494,,
182,30,DIBAMIDAE,2014-09-09 22:43:53.026219,2014-09-09 22:43:53.026219,,
183,30,LEIOSAURIDAE,2014-09-09 22:43:54.58834,2014-09-09 22:43:54.58834,,
184,30,ANNIELLIDAE,2014-09-09 22:43:55.708511,2014-09-09 22:43:55.708511,,
185,30,DACTYLOIDAE,2014-09-09 22:43:56.787174,2014-09-09 22:43:56.787174,,
186,30,ANOMALEPIDIDAE,2014-09-09 22:44:57.979977,2014-09-09 22:44:57.979977,,
187,30,ANOMOCHILIDAE,2014-09-09 22:45:02.29704,2014-09-09 22:45:02.29704,,
188,30,PAREATIDAE,2014-09-09 22:45:12.919861,2014-09-09 22:45:12.919861,,
189,30,PYGOPODIDAE,2014-09-09 22:45:20.583683,2014-09-09 22:45:20.583683,,
190,30,CHAMAELEONIDAE,2014-09-09 22:45:23.656744,2014-09-09 22:45:23.656744,,
191,30,SPHAERODACTYLIDAE,2014-09-09 22:45:24.120212,2014-09-09 22:45:24.120212,,
192,30,PHYLLODACTYLIDAE,2014-09-09 22:45:27.429511,2014-09-09 22:45:27.429511,,
193,30,PYTHONIDAE,2014-09-09 22:45:33.874048,2014-09-09 22:45:33.874048,,
194,30,TESTUDINIDAE,2014-09-09 22:46:06.558233,2014-09-09 22:46:06.558233,,
195,30,CORYTOPHANIDAE,2014-09-09 22:46:43.692858,2014-09-09 22:46:43.692858,,
196,30,GEOEMYDIDAE,2014-09-09 22:46:44.669583,2014-09-09 22:46:44.669583,,
197,30,DIPLODACTYLIDAE,2014-09-09 22:46:47.946625,2014-09-09 22:46:47.946625,,
198,30,BIPEDIDAE,2014-09-09 22:46:54.480872,2014-09-09 22:46:54.480872,,
199,30,HOMALOPSIDAE,2014-09-09 22:46:56.077258,2014-09-09 22:46:56.077258,,
200,30,BOLYERIDAE,2014-09-09 22:47:17.395776,2014-09-09 22:47:17.395776,,
201,30,UROPELTIDAE,2014-09-09 22:47:38.531535,2014-09-09 22:47:38.531535,,
202,30,CALAMARIIDAE,2014-09-09 22:48:09.678427,2014-09-09 22:48:09.678427,,
203,30,PHRYNOSOMATIDAE,2014-09-09 22:48:53.798063,2014-09-09 22:48:53.798063,,
204,30,CHELONIIDAE,2014-09-09 22:49:24.930183,2014-09-09 22:49:24.930183,,
205,30,CARETTOCHELYIDAE,2014-09-09 22:49:25.518407,2014-09-09 22:49:25.518407,,
206,30,OPLURIDAE,2014-09-09 22:49:53.495172,2014-09-09 22:49:53.495172,,
207,30,CHELYDRIDAE,2014-09-09 22:50:25.246193,2014-09-09 22:50:25.246193,,
208,30,KINOSTERNIDAE,2014-09-09 22:50:39.539982,2014-09-09 22:50:39.539982,,
209,30,EUBLEPHARIDAE,2014-09-09 22:51:02.79889,2014-09-09 22:51:02.79889,,
210,30,GERRHOSAURIDAE,2014-09-09 22:51:38.250034,2014-09-09 22:51:38.250034,,
211,30,CORDYLIDAE,2014-09-09 22:51:38.871352,2014-09-09 22:51:38.871352,,
212,30,CROCODYLIDAE,2014-09-09 22:51:49.150796,2014-09-09 22:51:49.150796,,
213,30,CROTAPHYTIDAE,2014-09-09 22:52:16.649257,2014-09-09 22:52:16.649257,,
214,30,LIOLAEMIDAE,2014-09-09 22:52:33.548833,2014-09-09 22:52:33.548833,,
215,30,CYLINDROPHIIDAE,2014-09-09 22:53:08.565789,2014-09-09 22:53:08.565789,,
216,30,DERMATEMYDIDAE,2014-09-09 22:54:14.204354,2014-09-09 22:54:14.204354,,
217,30,DERMOCHELYIDAE,2014-09-09 22:54:14.936816,2014-09-09 22:54:14.936816,,
218,30,LEPTOTYPHLOPIDAE,2014-09-09 22:56:37.052295,2014-09-09 22:56:37.052295,,
219,30,PODOCNEMIDIDAE,2014-09-09 22:57:12.042215,2014-09-09 22:57:12.042215,,
220,30,TROPIDURIDAE,2014-09-09 22:57:56.01361,2014-09-09 22:57:56.01361,,
221,30,TROPIDOPHIIDAE,2014-09-09 22:58:08.404479,2014-09-09 22:58:08.404479,,
222,30,GAVIALIDAE,2014-09-09 22:58:35.536938,2014-09-09 22:58:35.536938,,
223,30,GERRHOPILIDAE,2014-09-09 22:59:31.143683,2014-09-09 22:59:31.143683,,
224,30,LAMPROPHIIDAE,2014-09-09 22:59:46.24139,2014-09-09 22:59:46.24139,,
225,30,HELODERMATIDAE,2014-09-09 23:00:16.737554,2014-09-09 23:00:16.737554,,
226,30,PSAMMOPHIIDAE,2014-09-09 23:00:51.019737,2014-09-09 23:00:51.019737,,
227,30,XANTUSIIDAE,2014-09-09 23:03:22.566722,2014-09-09 23:03:22.566722,,
228,30,LOXOCEMIDAE,2014-09-09 23:05:02.008892,2014-09-09 23:05:02.008892,,
229,30,HOPLOCERCIDAE,2014-09-09 23:07:56.080723,2014-09-09 23:07:56.080723,,
230,30,CARPHODACTYLIDAE,2014-09-09 23:08:24.643153,2014-09-09 23:08:24.643153,,
231,30,PELOMEDUSIDAE,2014-09-09 23:11:03.644656,2014-09-09 23:11:03.644656,,
232,30,PSEUDOXENODONTIDAE,2014-09-09 23:12:23.386868,2014-09-09 23:12:23.386868,,
233,30,PLATYSTERNIDAE,2014-09-09 23:12:33.765855,2014-09-09 23:12:33.765855,,
234,30,POLYCHROTIDAE,2014-09-09 23:13:10.586985,2014-09-09 23:13:10.586985,,
235,30,PROSYMNIDAE,2014-09-09 23:13:34.122936,2014-09-09 23:13:34.122936,,
236,30,RHINEURIDAE,2014-09-09 23:15:37.809094,2014-09-09 23:15:37.809094,,
237,30,SHINISAURIDAE,2014-09-09 23:17:09.602422,2014-09-09 23:17:09.602422,,
238,31,SPHENODONTIDAE,2014-09-09 23:17:52.97644,2014-09-09 23:17:52.97644,,
239,31,VARANIDAE,2014-09-09 23:22:51.775762,2014-09-09 23:22:51.775762,,
240,31,XENOPELTIDAE,2014-09-09 23:23:38.693881,2014-09-09 23:23:38.693881,,
241,31,XENOPHIIDAE,2014-09-09 23:23:39.766462,2014-09-09 23:23:39.766462,,
242,31,XENOSAURIDAE,2014-09-09 23:23:41.637049,2014-09-09 23:23:41.637049,,
243,32,HYPEROLIIDAE,2014-09-09 23:24:02.931751,2014-09-09 23:24:02.931751,,
244,32,HYLIDAE,2014-09-09 23:24:03.982758,2014-09-09 23:24:03.982758,,
245,32,MICROHYLIDAE,2014-09-09 23:24:04.99995,2014-09-09 23:24:04.99995,,
246,32,ELEUTHERODACTYLIDAE,2014-09-09 23:24:05.469229,2014-09-09 23:24:05.469229,,
247,32,LIMNODYNASTIDAE,2014-09-09 23:24:08.667999,2014-09-09 23:24:08.667999,,
248,32,DENDROBATIDAE,2014-09-09 23:24:09.226491,2014-09-09 23:24:09.226491,,
249,32,LEPTODACTYLIDAE,2014-09-09 23:24:11.264915,2014-09-09 23:24:11.264915,,
250,32,BUFONIDAE,2014-09-09 23:24:18.527257,2014-09-09 23:24:18.527257,,
251,33,HYNOBIIDAE,2014-09-09 23:24:20.248376,2014-09-09 23:24:20.248376,,
252,33,MANTELLIDAE,2014-09-09 23:24:43.896713,2014-09-09 23:24:43.896713,,
253,33,AROMOBATIDAE,2014-09-09 23:24:55.471585,2014-09-09 23:24:55.471585,,
254,33,DICROGLOSSIDAE,2014-09-09 23:25:22.606119,2014-09-09 23:25:22.606119,,
255,33,ALLOPHRYNIDAE,2014-09-09 23:25:23.077188,2014-09-09 23:25:23.077188,,
256,33,ALSODIDAE,2014-09-09 23:25:23.627126,2014-09-09 23:25:23.627126,,
257,33,ALYTIDAE,2014-09-09 23:25:34.792645,2014-09-09 23:25:34.792645,,
258,33,AMBYSTOMATIDAE,2014-09-09 23:25:38.701798,2014-09-09 23:25:38.701798,,
259,33,PYXICEPHALIDAE,2014-09-09 23:26:15.680916,2014-09-09 23:26:15.680916,,
260,33,RANIDAE,2014-09-09 23:26:44.220316,2014-09-09 23:26:44.220316,,
261,33,AMPHIUMIDAE,2014-09-09 23:27:05.481508,2014-09-09 23:27:05.481508,,
262,33,CRYPTOBRANCHIDAE,2014-09-09 23:27:21.800651,2014-09-09 23:27:21.800651,,
263,33,PLETHODONTIDAE,2014-09-09 23:27:22.836351,2014-09-09 23:27:22.836351,,
264,33,MYOBATRACHIDAE,2014-09-09 23:28:09.99695,2014-09-09 23:28:09.99695,,
265,33,PETROPEDETIDAE,2014-09-09 23:28:22.150266,2014-09-09 23:28:22.150266,,
266,33,ARTHROLEPTIDAE,2014-09-09 23:28:23.673249,2014-09-09 23:28:23.673249,,
267,33,ASCAPHIDAE,2014-09-09 23:28:48.832451,2014-09-09 23:28:48.832451,,
268,33,BATRACHYLIDAE,2014-09-09 23:28:58.370018,2014-09-09 23:28:58.370018,,
269,33,CRAUGASTORIDAE,2014-09-09 23:29:51.853773,2014-09-09 23:29:51.853773,,
270,34,TYPHLONECTIDAE,2014-09-09 23:29:52.358102,2014-09-09 23:29:52.358102,,
271,34,BREVICIPITIDAE,2014-09-09 23:30:14.651162,2014-09-09 23:30:14.651162,,
272,34,BOMBINATORIDAE,2014-09-09 23:30:15.188099,2014-09-09 23:30:15.188099,,
273,34,CERATOBATRACHIDAE,2014-09-09 23:30:39.172572,2014-09-09 23:30:39.172572,,
274,34,MEGOPHRYIDAE,2014-09-09 23:32:35.325228,2014-09-09 23:32:35.325228,,
275,34,HERPELIDAE,2014-09-09 23:32:35.792779,2014-09-09 23:32:35.792779,,
276,34,BRACHYCEPHALIDAE,2014-09-09 23:32:42.97663,2014-09-09 23:32:42.97663,,
277,34,SIPHONOPIDAE,2014-09-09 23:32:54.038113,2014-09-09 23:32:54.038113,,
278,34,RHACOPHORIDAE,2014-09-09 23:33:11.688188,2014-09-09 23:33:11.688188,,
279,34,CAECILIIDAE,2014-09-09 23:33:31.898195,2014-09-09 23:33:31.898195,,
280,34,SALAMANDRIDAE,2014-09-09 23:34:05.753393,2014-09-09 23:34:05.753393,,
281,34,CALYPTOCEPHALELLIDAE,2014-09-09 23:34:06.899214,2014-09-09 23:34:06.899214,,
282,34,CENTROLENIDAE,2014-09-09 23:34:15.436216,2014-09-09 23:34:15.436216,,
283,34,CERATOPHRYIDAE,2014-09-09 23:34:35.577108,2014-09-09 23:34:35.577108,,
284,34,CEUTHOMANTIDAE,2014-09-09 23:34:39.372359,2014-09-09 23:34:39.372359,,
285,34,CHIKILIDAE,2014-09-09 23:34:57.786909,2014-09-09 23:34:57.786909,,
286,34,CONRAUIDAE,2014-09-09 23:35:48.885716,2014-09-09 23:35:48.885716,,
287,34,CYCLORAMPHIDAE,2014-09-09 23:37:30.917467,2014-09-09 23:37:30.917467,,
288,34,HYLODIDAE,2014-09-09 23:37:32.317183,2014-09-09 23:37:32.317183,,
289,34,SCOLECOMORPHIDAE,2014-09-09 23:37:37.97512,2014-09-09 23:37:37.97512,,
290,34,HEMIPHRACTIDAE,2014-09-09 23:37:41.029519,2014-09-09 23:37:41.029519,,
291,34,DERMOPHIIDAE,2014-09-09 23:39:07.226379,2014-09-09 23:39:07.226379,,
292,34,RHINATREMATIDAE,2014-09-09 23:41:52.712557,2014-09-09 23:41:52.712557,,
293,34,INDOTYPHLIDAE,2014-09-09 23:43:23.637128,2014-09-09 23:43:23.637128,,
294,34,HELEOPHRYNIDAE,2014-09-09 23:44:17.09831,2014-09-09 23:44:17.09831,,
295,34,HEMISOTIDAE,2014-09-09 23:44:23.849381,2014-09-09 23:44:23.849381,,
296,34,PTYCHADENIDAE,2014-09-09 23:44:35.898746,2014-09-09 23:44:35.898746,,
297,34,PIPIDAE,2014-09-09 23:47:20.404031,2014-09-09 23:47:20.404031,,
298,34,ICHTHYOPHIIDAE,2014-09-09 23:49:39.95854,2014-09-09 23:49:39.95854,,
299,34,RANIXALIDAE,2014-09-09 23:50:22.671114,2014-09-09 23:50:22.671114,,
300,34,NYCTIBATRACHIDAE,2014-09-09 23:51:44.499509,2014-09-09 23:51:44.499509,,
301,34,LEIOPELMATIDAE,2014-09-09 23:51:48.333697,2014-09-09 23:51:48.333697,,
302,34,ODONTOPHRYNIDAE,2014-09-09 23:57:04.803518,2014-09-09 23:57:04.803518,,
303,34,MICRIXALIDAE,2014-09-09 23:58:19.136279,2014-09-09 23:58:19.136279,,
304,34,NASIKABATRACHIDAE,2014-09-09 23:59:13.298029,2014-09-09 23:59:13.298029,,
305,34,PROTEIDAE,2014-09-09 23:59:23.032819,2014-09-09 23:59:23.032819,,
306,34,ODONTOBATRACHIDAE,2014-09-10 00:00:34.121456,2014-09-10 00:00:34.121456,,
307,34,PELOBATIDAE,2014-09-10 00:03:01.648883,2014-09-10 00:03:01.648883,,
308,34,PELODYTIDAE,2014-09-10 00:03:04.035608,2014-09-10 00:03:04.035608,,
309,34,PHRYNOBATRACHIDAE,2014-09-10 00:04:11.500253,2014-09-10 00:04:11.500253,,
310,34,SIRENIDAE,2014-09-10 00:12:57.067756,2014-09-10 00:12:57.067756,,
311,34,RHINOPHRYNIDAE,2014-09-10 00:18:11.041179,2014-09-10 00:18:11.041179,,
312,34,RHYACOTRITONIDAE,2014-09-10 00:18:15.973436,2014-09-10 00:18:15.973436,,
313,34,SCAPHIOPODIDAE,2014-09-10 00:18:41.976309,2014-09-10 00:18:41.976309,,
314,34,SOOGLOSSIDAE,2014-09-10 00:19:53.876953,2014-09-10 00:19:53.876953,,
315,34,TELMATOBIIDAE,2014-09-10 00:21:14.717866,2014-09-10 00:21:14.717866,,
316,35,POMACENTRIDAE,2014-09-10 00:24:16.355783,2014-09-10 00:24:16.355783,,
317,35,SERRANIDAE,2014-09-10 00:24:18.196909,2014-09-10 00:24:18.196909,,
318,35,SCOMBRIDAE,2014-09-10 00:24:19.879683,2014-09-10 00:24:19.879683,,
319,35,LABRIDAE,2014-09-10 00:24:20.556935,2014-09-10 00:24:20.556935,,
320,35,ACANTHURIDAE,2014-09-10 00:24:21.151153,2014-09-10 00:24:21.151153,,
321,35,EPINEPHELIDAE,2014-09-10 00:24:45.550156,2014-09-10 00:24:45.550156,,
322,36,ALBULIDAE,2014-09-10 00:24:46.267062,2014-09-10 00:24:46.267062,,
323,36,CHAETODONTIDAE,2014-09-10 00:24:53.946921,2014-09-10 00:24:53.946921,,
324,36,POMACANTHIDAE,2014-09-10 00:25:08.807965,2014-09-10 00:25:08.807965,,
325,37,ELOPIDAE,2014-09-10 00:29:07.678829,2014-09-10 00:29:07.678829,,
326,37,ISTIOPHORIDAE,2014-09-10 00:31:47.887805,2014-09-10 00:31:47.887805,,
327,37,MEGALOPIDAE,2014-09-10 00:32:18.680246,2014-09-10 00:32:18.680246,,
328,37,XIPHIIDAE,2014-09-10 00:36:29.41716,2014-09-10 00:36:29.41716,,
329,38,Ostriches,2014-09-10 00:45:37.974859,2014-09-10 00:45:37.974859,,
330,39,Rheas,2014-09-10 02:01:56.476164,2014-09-10 02:01:56.476164,,
331,39,Tinamous,2014-09-10 02:14:40.791513,2014-09-10 02:14:40.791513,,
332,39,Cassowaries,2014-09-10 02:15:09.916768,2014-09-10 02:15:09.916768,,
333,39,Kiwis,2014-09-10 02:15:13.439842,2014-09-10 02:15:13.439842,,
334,40,Megapodes,2014-09-10 02:15:17.225343,2014-09-10 02:15:17.225343,,
335,40,"Guans,2014-09-10 02:15:29.951249,2014-09-10 02:15:29.951249,,
336,40,Guineafowl,2014-09-10 02:16:03.737127,2014-09-10 02:16:03.737127,,
337,40,New World quails,2014-09-10 02:16:08.468367,2014-09-10 02:16:08.468367,,
338,40,"Pheasants, partridges, turkeys, grouse",2014-09-10 02:16:29.26481,2014-09-10 02:16:29.26481,,
339,41,Screamers,2014-09-10 02:18:25.799407,2014-09-10 02:18:25.799407,,
340,41,Magpie Goose,2014-09-10 02:18:27.481312,2014-09-10 02:18:27.481312,,
341,41,"Ducks, geese, swans",2014-09-10 02:18:27.954443,2014-09-10 02:18:27.954443,,
342,42,Grebes,2014-09-10 02:20:19.550183,2014-09-10 02:20:19.550183,,
343,43,Flamingos,2014-09-10 02:20:34.156901,2014-09-10 02:20:34.156901,,
344,44,Tropicbirds,2014-09-10 02:20:38.152359,2014-09-10 02:20:38.152359,,
345,45,Kagu,2014-09-10 02:20:40.141027,2014-09-10 02:20:40.141027,,
346,45,Sunbittern,2014-09-10 02:20:40.74693,2014-09-10 02:20:40.74693,,
347,46,Mesites,2014-09-10 02:20:41.258956,2014-09-10 02:20:41.258956,,
348,47,"Pigeons, doves",2014-09-10 02:20:43.002182,2014-09-10 02:20:43.002182,,
349,48,Sandgrouse,2014-09-10 02:24:24.042244,2014-09-10 02:24:24.042244,,
350,49,Oilbird,2014-09-10 02:24:33.092387,2014-09-10 02:24:33.092387,,
351,49,Frogmouths,2014-09-10 02:24:33.612539,2014-09-10 02:24:33.612539,,
352,49,Potoos,2014-09-10 02:24:42.381732,2014-09-10 02:24:42.381732,,
353,49,Nightjars,2014-09-10 02:24:46.022076,2014-09-10 02:24:46.022076,,
354,49,Owlet-nightjars,2014-09-10 02:25:45.88132,2014-09-10 02:25:45.88132,,
355,49,Treeswifts,2014-09-10 02:25:52.234811,2014-09-10 02:25:52.234811,,
356,49,Swifts,2014-09-10 02:25:54.635654,2014-09-10 02:25:54.635654,,
357,49,Hummingbirds,2014-09-10 02:26:56.92336,2014-09-10 02:26:56.92336,,
358,50,Hoatzin,2014-09-10 02:30:30.558912,2014-09-10 02:30:30.558912,,
359,51,Cuckoos,2014-09-10 02:30:31.186762,2014-09-10 02:30:31.186762,,
360,52,Finfoots,2014-09-10 02:32:01.103715,2014-09-10 02:32:01.103715,,
361,52,"Rails, gallinules, coots",2014-09-10 02:32:02.959843,2014-09-10 02:32:02.959843,,
362,52,Trumpeters,2014-09-10 02:33:42.955094,2014-09-10 02:33:42.955094,,
363,52,Limpkin,2014-09-10 02:33:46.51959,2014-09-10 02:33:46.51959,,
364,52,Cranes,2014-09-10 02:33:47.121296,2014-09-10 02:33:47.121296,,
365,53,Bustards,2014-09-10 02:33:56.684055,2014-09-10 02:33:56.684055,,
366,54,Turacos,2014-09-10 02:34:12.695293,2014-09-10 02:34:12.695293,,
367,55,Loons/divers,2014-09-10 02:34:26.486848,2014-09-10 02:34:26.486848,,
368,56,Penguins,2014-09-10 02:34:29.481555,2014-09-10 02:34:29.481555,,
369,57,Southern storm-petrels,2014-09-10 02:34:40.561251,2014-09-10 02:34:40.561251,,
370,57,Northern storm-petrels,2014-09-10 02:34:46.440418,2014-09-10 02:34:46.440418,,
371,57,Albatrosses,2014-09-10 02:34:55.659907,2014-09-10 02:34:55.659907,,
372,57,"Petrels, shearwaters",2014-09-10 02:35:13.183588,2014-09-10 02:35:13.183588,,
373,58,Storks,2014-09-10 02:36:14.082466,2014-09-10 02:36:14.082466,,
374,59,"Ibises, spoonbills",2014-09-10 02:36:27.3394,2014-09-10 02:36:27.3394,,
375,59,Herons,2014-09-10 02:36:49.762263,2014-09-10 02:36:49.762263,,
376,59,Hamerkop,2014-09-10 02:37:35.579983,2014-09-10 02:37:35.579983,,
377,59,Shoebill,2014-09-10 02:37:36.148715,2014-09-10 02:37:36.148715,,
378,59,Pelicans,2014-09-10 02:37:36.632441,2014-09-10 02:37:36.632441,,
379,60,Frigatebirds,2014-09-10 02:37:41.779182,2014-09-10 02:37:41.779182,,
380,60,"Gannets, boobies",2014-09-10 02:37:44.876521,2014-09-10 02:37:44.876521,,
381,60,Cormorants,2014-09-10 02:37:52.7843,2014-09-10 02:37:52.7843,,
382,60,Darters,2014-09-10 02:38:14.058435,2014-09-10 02:38:14.058435,,
383,61,Thick-knees,2014-09-10 02:38:16.444528,2014-09-10 02:38:16.444528,,
384,61,Sheathbills,2014-09-10 02:38:22.329801,2014-09-10 02:38:22.329801,,
385,61,Magellanic Plover,2014-09-10 02:38:23.438293,2014-09-10 02:38:23.438293,,
386,61,Egyptian Plover,2014-09-10 02:38:24.073402,2014-09-10 02:38:24.073402,,
387,61,Oystercatchers,2014-09-10 02:38:24.787093,2014-09-10 02:38:24.787093,,
388,61,Ibisbill,2014-09-10 02:38:31.754481,2014-09-10 02:38:31.754481,,
389,61,"Avocets, stilts",2014-09-10 02:38:32.228528,2014-09-10 02:38:32.228528,,
390,61,Plovers,2014-09-10 02:38:38.404024,2014-09-10 02:38:38.404024,,
391,61,Plains-wanderer,2014-09-10 02:39:22.49886,2014-09-10 02:39:22.49886,,
392,61,Seedsnipes,2014-09-10 02:39:22.97911,2014-09-10 02:39:22.97911,,
393,61,Painted-snipes,2014-09-10 02:39:25.00195,2014-09-10 02:39:25.00195,,
394,61,Jacanas,2014-09-10 02:39:27.577042,2014-09-10 02:39:27.577042,,
395,61,"Sandpipers, snipes, phalaropes",2014-09-10 02:39:31.985353,2014-09-10 02:39:31.985353,,
396,61,Buttonquails,2014-09-10 02:40:36.986352,2014-09-10 02:40:36.986352,,
397,61,Crab-plover,2014-09-10 02:40:49.81146,2014-09-10 02:40:49.81146,,
398,61,"Coursers, pratincoles",2014-09-10 02:40:50.357622,2014-09-10 02:40:50.357622,,
399,61,"Gulls, terns, skimmers",2014-09-10 02:41:00.19553,2014-09-10 02:41:00.19553,,
400,61,Skuas,2014-09-10 02:42:10.303287,2014-09-10 02:42:10.303287,,
401,61,Auks,2014-09-10 02:42:16.878964,2014-09-10 02:42:16.878964,,
402,62,Barn-owls,2014-09-10 02:42:34.749599,2014-09-10 02:42:34.749599,,
403,62,Typical owls,2014-09-10 02:42:46.729264,2014-09-10 02:42:46.729264,,
404,63,New World vultures,2014-09-10 02:45:07.333741,2014-09-10 02:45:07.333741,,
405,64,Secretarybird,2014-09-10 02:45:11.91975,2014-09-10 02:45:11.91975,,
406,64,Osprey,2014-09-10 02:45:12.543975,2014-09-10 02:45:12.543975,,
407,64,"Hawks, eagles",2014-09-10 02:45:14.040733,2014-09-10 02:45:14.040733,,
408,65,Mousebirds,2014-09-10 02:47:49.459933,2014-09-10 02:47:49.459933,,
409,66,Cuckoo roller,2014-09-10 02:47:52.905708,2014-09-10 02:47:52.905708,,
410,67,Trogons,2014-09-10 02:47:54.335829,2014-09-10 02:47:54.335829,,
411,68,Hornbills,2014-09-10 02:48:20.373685,2014-09-10 02:48:20.373685,,
412,68,Hoopoes,2014-09-10 02:48:58.62755,2014-09-10 02:48:58.62755,,
413,68,Woodhoopoes,2014-09-10 02:49:00.905659,2014-09-10 02:49:00.905659,,
414,69,Bee-eaters,2014-09-10 02:49:05.701979,2014-09-10 02:49:05.701979,,
415,69,Rollers,2014-09-10 02:49:24.188239,2014-09-10 02:49:24.188239,,
416,69,Ground-rollers,2014-09-10 02:49:31.683557,2014-09-10 02:49:31.683557,,
417,69,Todies,2014-09-10 02:49:34.3016,2014-09-10 02:49:34.3016,,
418,69,Motmots,2014-09-10 02:49:36.873166,2014-09-10 02:49:36.873166,,
419,69,Kingfishers,2014-09-10 02:49:45.497091,2014-09-10 02:49:45.497091,,
420,70,Jacamars,2014-09-10 02:51:03.650739,2014-09-10 02:51:03.650739,,
421,70,Puffbirds,2014-09-10 02:51:13.746382,2014-09-10 02:51:13.746382,,
422,70,Toucans,2014-09-10 02:51:33.983063,2014-09-10 02:51:33.983063,,
423,70,New World barbets,2014-09-10 02:52:08.990965,2014-09-10 02:52:08.990965,,
424,70,Prong-billed barbets,2014-09-10 02:52:19.217197,2014-09-10 02:52:19.217197,,
425,70,Asian barbets,2014-09-10 02:52:20.316764,2014-09-10 02:52:20.316764,,
426,70,African barbets,2014-09-10 02:52:39.068317,2014-09-10 02:52:39.068317,,
427,70,Honeyguides,2014-09-10 02:53:11.005961,2014-09-10 02:53:11.005961,,
428,70,Woodpeckers,2014-09-10 02:53:20.366112,2014-09-10 02:53:20.366112,,
429,71,Seriemas,2014-09-10 02:55:49.825754,2014-09-10 02:55:49.825754,,
430,72,"Falcons, caracaras",2014-09-10 02:55:50.881898,2014-09-10 02:55:50.881898,,
431,73,New Zealand parrots,2014-09-10 02:56:37.881938,2014-09-10 02:56:37.881938,,
432,73,Cockatoos,2014-09-10 02:56:40.166607,2014-09-10 02:56:40.166607,,
433,73,Parrots,2014-09-10 02:56:51.597121,2014-09-10 02:56:51.597121,,
434,74,New Zealand wrens,2014-09-10 03:00:51.171651,2014-09-10 03:00:51.171651,,
435,74,Broadbills,2014-09-10 03:00:53.493645,2014-09-10 03:00:53.493645,,
436,74,Asities,2014-09-10 03:01:02.124045,2014-09-10 03:01:02.124045,,
437,74,Sapayoa,2014-09-10 03:01:04.305746,2014-09-10 03:01:04.305746,,
438,74,Pittas,2014-09-10 03:01:04.801551,2014-09-10 03:01:04.801551,,
439,74,Manakins,2014-09-10 03:01:25.250489,2014-09-10 03:01:25.250489,,
440,74,Cotingas,2014-09-10 03:01:56.334479,2014-09-10 03:01:56.334479,,
441,74,Tyrant-flycatchers,2014-09-10 03:02:51.611971,2014-09-10 03:02:51.611971,,
442,74,Antbirds,2014-09-10 03:06:49.405838,2014-09-10 03:06:49.405838,,
443,74,Gnateaters,2014-09-10 03:08:55.96084,2014-09-10 03:08:55.96084,,
444,74,Tapaculos,2014-09-10 03:09:00.581693,2014-09-10 03:09:00.581693,,
445,74,Antthrushes and antpittas,2014-09-10 03:09:36.363284,2014-09-10 03:09:36.363284,,
446,74,Ovenbirds,2014-09-10 03:10:11.307067,2014-09-10 03:10:11.307067,,
447,74,Woodcreepers,2014-09-10 03:12:32.693747,2014-09-10 03:12:32.693747,,
448,74,Lyrebirds,2014-09-10 03:13:03.990194,2014-09-10 03:13:03.990194,,
449,74,Scrub-birds,2014-09-10 03:13:04.930233,2014-09-10 03:13:04.930233,,
450,74,Bowerbirds,2014-09-10 03:13:05.976639,2014-09-10 03:13:05.976639,,
451,74,Australian treecreepers,2014-09-10 03:13:17.497067,2014-09-10 03:13:17.497067,,
452,74,Australasian wrens,2014-09-10 03:13:21.094573,2014-09-10 03:13:21.094573,,
453,74,Hawaiian honeyeaters,2014-09-10 03:13:36.278946,2014-09-10 03:13:36.278946,,
454,74,Honeyeaters,2014-09-10 03:13:38.961131,2014-09-10 03:13:38.961131,,
455,74,Bristlebirds,2014-09-10 03:15:20.339287,2014-09-10 03:15:20.339287,,
456,74,Pardalotes,2014-09-10 03:15:21.959402,2014-09-10 03:15:21.959402,,
457,74,Thornbills and gerygones,2014-09-10 03:15:24.00567,2014-09-10 03:15:24.00567,,
458,74,Australasian babblers,2014-09-10 03:15:59.184808,2014-09-10 03:15:59.184808,,
459,74,Logrunners,2014-09-10 03:16:01.999444,2014-09-10 03:16:01.999444,,
460,74,Satin birds,2014-09-10 03:16:05.478701,2014-09-10 03:16:05.478701,,
461,74,Berrypeckers,2014-09-10 03:16:06.965154,2014-09-10 03:16:06.965154,,
462,74,Wattled crows,2014-09-10 03:16:13.41579,2014-09-10 03:16:13.41579,,
463,74,"Whipbirds, wedgebills and jewel-babblers",2014-09-10 03:16:15.117832,2014-09-10 03:16:15.117832,,
464,74,Quail-thrushes,2014-09-10 03:16:20.12584,2014-09-10 03:16:20.12584,,
465,74,"Shrike-flycatchers, wattle-eyes and batises",2014-09-10 03:16:22.783902,2014-09-10 03:16:22.783902,,
466,74,"Helmetshrikes, bushshrikes and puffbacks",2014-09-10 03:16:45.932561,2014-09-10 03:16:45.932561,,
467,74,Boatbills,2014-09-10 03:17:18.931121,2014-09-10 03:17:18.931121,,
468,74,Vangas,2014-09-10 03:17:19.900394,2014-09-10 03:17:19.900394,,
469,74,Butcherbirds,2014-09-10 03:17:32.063004,2014-09-10 03:17:32.063004,,
470,74,Woodswallows,2014-09-10 03:17:38.223859,2014-09-10 03:17:38.223859,,
471,74,Ioras,2014-09-10 03:17:44.193646,2014-09-10 03:17:44.193646,,
472,74,Bristlehead,2014-09-10 03:17:46.51477,2014-09-10 03:17:46.51477,,
473,74,Cuckoo-shrikes,2014-09-10 03:17:46.99298,2014-09-10 03:17:46.99298,,
474,74,Sittellas,2014-09-10 03:18:33.011279,2014-09-10 03:18:33.011279,,
475,74,Shrike-tits,2014-09-10 03:18:34.189964,2014-09-10 03:18:34.189964,,
476,74,Whistlers,2014-09-10 03:18:35.29151,2014-09-10 03:18:35.29151,,
477,74,Shrikes,2014-09-10 03:18:54.352325,2014-09-10 03:18:54.352325,,
478,74,Vireos and allies,2014-09-10 03:19:12.499435,2014-09-10 03:19:12.499435,,
479,74,Orioles and figbirds,2014-09-10 03:19:42.343153,2014-09-10 03:19:42.343153,,
480,74,Shrike-thrushes and allies,2014-09-10 03:19:59.610576,2014-09-10 03:19:59.610576,,
481,74,New Zealand thrushes,2014-09-10 03:20:08.771295,2014-09-10 03:20:08.771295,,
482,74,Drongos,2014-09-10 03:20:09.793002,2014-09-10 03:20:09.793002,,
483,74,Fantails,2014-09-10 03:20:25.202884,2014-09-10 03:20:25.202884,,
484,74,Monarchs,2014-09-10 03:20:49.160211,2014-09-10 03:20:49.160211,,
485,74,Crows and jays,2014-09-10 03:21:47.304956,2014-09-10 03:21:47.304956,,
486,74,Australian mudnesters,2014-09-10 03:22:54.836257,2014-09-10 03:22:54.836257,,
487,74,Birds of paradise,2014-09-10 03:22:55.960505,2014-09-10 03:22:55.960505,,
488,74,Australasian robins,2014-09-10 03:23:18.101944,2014-09-10 03:23:18.101944,,
489,74,Rockfowl,2014-09-10 03:23:42.544491,2014-09-10 03:23:42.544491,,
490,74,Waxwings,2014-09-10 03:23:43.619917,2014-09-10 03:23:43.619917,,
491,74,Palmchat,2014-09-10 03:23:47.897519,2014-09-10 03:23:47.897519,,
492,74,Tits and chickadees,2014-09-10 03:23:48.39912,2014-09-10 03:23:48.39912,,
493,74,Penduline-tits,2014-09-10 03:24:22.820668,2014-09-10 03:24:22.820668,,
494,74,Swallows and martins,2014-09-10 03:24:32.054576,2014-09-10 03:24:32.054576,,
495,74,Long-tailed tits,2014-09-10 03:25:28.115166,2014-09-10 03:25:28.115166,,
496,74,Larks,2014-09-10 03:25:34.189458,2014-09-10 03:25:34.189458,,
497,74,Cisticolas and allies,2014-09-10 03:26:34.731014,2014-09-10 03:26:34.731014,,
498,74,Bulbuls,2014-09-10 03:27:52.521179,2014-09-10 03:27:52.521179,,
499,74,Old World warblers,2014-09-10 03:29:13.306483,2014-09-10 03:29:13.306483,,
500,74,Babblers and parrotbills,2014-09-10 03:32:18.770887,2014-09-10 03:32:18.770887,,
501,74,White-eyes,2014-09-10 03:35:32.743541,2014-09-10 03:35:32.743541,,
502,74,Fairy-bluebirds,2014-09-10 03:36:31.210758,2014-09-10 03:36:31.210758,,
503,74,Goldcrests and kinglets,2014-09-10 03:36:32.441954,2014-09-10 03:36:32.441954,,
504,74,Wrens,2014-09-10 03:36:36.576683,2014-09-10 03:36:36.576683,,
505,74,Gnatcatchers,2014-09-10 03:37:22.515281,2014-09-10 03:37:22.515281,,
506,74,Nuthatches and wallcreeper,2014-09-10 03:37:30.993366,2014-09-10 03:37:30.993366,,
507,74,Treecreepers,2014-09-10 03:37:46.004786,2014-09-10 03:37:46.004786,,
508,74,Black-capped Donacobius,2014-09-10 03:37:52.110465,2014-09-10 03:37:52.110465,,
509,74,Mockingbirds and thrashers,2014-09-10 03:37:52.723762,2014-09-10 03:37:52.723762,,
510,74,Philippine creepers,2014-09-10 03:38:11.469115,2014-09-10 03:38:11.469115,,
511,74,Starlings,2014-09-10 03:38:12.926215,2014-09-10 03:38:12.926215,,
512,74,Thrushes,2014-09-10 03:39:22.012475,2014-09-10 03:39:22.012475,,
513,74,Chats and Old World flycatchers,2014-09-10 03:41:06.177492,2014-09-10 03:41:06.177492,,
514,74,Dippers,2014-09-10 03:44:08.481826,2014-09-10 03:44:08.481826,,
515,74,Leafbirds,2014-09-10 03:44:11.376502,2014-09-10 03:44:11.376502,,
516,74,Flowerpeckers,2014-09-10 03:44:17.885648,2014-09-10 03:44:17.885648,,
517,74,Sunbirds,2014-09-10 03:44:43.082637,2014-09-10 03:44:43.082637,,
518,74,Sugarbirds,2014-09-10 03:45:57.704493,2014-09-10 03:45:57.704493,,
519,74,"Sparrows, snowfinches and allies",2014-09-10 03:45:58.82564,2014-09-10 03:45:58.82564,,
520,74,Weavers and allies,2014-09-10 03:46:28.92155,2014-09-10 03:46:28.92155,,
521,74,"Waxbills, grass finches, munias and allies",2014-09-10 03:47:30.789813,2014-09-10 03:47:30.789813,,
522,74,Indigobirds and allies,2014-09-10 03:48:54.069302,2014-09-10 03:48:54.069302,,
523,74,Accentors,2014-09-10 03:49:05.915954,2014-09-10 03:49:05.915954,,
524,74,Olive Warbler,2014-09-10 03:49:13.220918,2014-09-10 03:49:13.220918,,
525,74,Wagtails and pipits,2014-09-10 03:49:13.717929,2014-09-10 03:49:13.717929,,
526,74,Finches and Hawaiian honeycreepers,2014-09-10 03:49:28.431905,2014-09-10 03:49:28.431905,,
527,74,Pink-tailed Bunting,2014-09-10 03:51:03.619105,2014-09-10 03:51:03.619105,,
528,74,New World warblers,2014-09-10 03:51:48.514354,2014-09-10 03:51:48.514354,,
529,74,"Grosbeaks, saltators and allies",2014-09-10 03:52:56.374744,2014-09-10 03:52:56.374744,,
530,74,New World blackbirds,2014-09-10 03:52:58.557628,2014-09-10 03:52:58.557628,,
531,74,Bananaquit,2014-09-10 03:54:03.939678,2014-09-10 03:54:03.939678,,
532,74,"Buntings, American sparrows and allies",2014-09-10 03:54:04.704058,2014-09-10 03:54:04.704058,,
533,74,Tanagers,2014-09-10 03:55:32.382724,2014-09-10 03:55:32.382724,,
534,75,,2014-09-10 04:00:23.901308,2014-09-10 04:00:23.901308,,
1,1,MURIDAE,2014-09-09 21:47:35.752678,2014-09-10 04:26:23.228719,"<div class=""intro"">The <b>Muridae</b>, or <b>murids</b>, are the largest family of <em>gerbils</em>, and relatives.</div>",//upload.wikimedia.org/wikipedia/commons/thumb/a/a2/Apodemus_sylvaticus.JPG/220px-Apodemus_sylvaticus.JPG
2,1,CRICETIDAE,2014-09-09 21:47:37.178701,2014-09-10 04:26:23.692011,"<div class=""intro""><em>Arvicolinae</em><br>
<em>Cricetinae</em><br>
<em>Neotominae</em><br>
<em>Sigmodontinae</em><br>
<em>Tylomyinae</em><br>
and see below</div>",//upload.wikimedia.org/wikipedia/commons/thumb/7/7b/Meadvole.jpg/220px-Meadvole.jpg
